Name,Country,Price,Review_Rating
Happy People Plaza España Suite 2/4 People,Spain,3000,9
Room in the center of Barcelona,Spain,2000,9
Lujoso apartamento ideal familias (8 pax),Spain,1240,9
51 Sicilia Apartment 2 bedrooms,Spain,999,8
Ático exclusivo Barcelona,Spain,805,9
1405 - LUXURY BEACH TERRACE APARTME,Spain,750,9
Casa Batlló views! Central apartment¦,Spain,705,9
2714 - AB Girona Apartment 41 - Stylish Apartment for up to 7 guests in Eixample with a Balcony,Spain,700,8
2675 - AB Bailen Apartment 3.1 - Modern 2-bedroom Apartment in Eixample with a balcony,Spain,600,8
Olympic Port apartments,Spain,600,9
"Spacious, bright, central. AC. Rambla Catalunya",Spain,599,10
"Stylish, central, bright, AC, Rambla Catalunya!",Spain,599,9
Autèntic Monumental 32,Spain,550,10
2447 - AB Park Güell Apartment 1-1 - Elegant 4-Bedroom Apartment near Park Güell with a Balcony,Spain,550,9
Luminous for 6 apt @ Rnda Sant Pau ¦,Spain,527,9
2294 - AB Aragó Apartment 2-C - Central Apartment with a Communal Terrace in Eixample,Spain,500,8
"2427 - AB Plaça Catalunya 3-4 - Luxury 2-Bedroom Apartment, Steps from Plaça de Catalunya",Spain,500,8
Gran Via De Luxe 5* DaysinBarcelona,Spain,494,9
1921 - AB Paral·lel Apartment A - Contemporary Penthouse with a Private Terrace,Spain,470,8
2295 - AB Aragó Apartment2-D - Sleek Apartment with a Communal Terrace in Eixample,Spain,450,9
Casanova Eixample 4 bedrooms apartment,Spain,420,9
MAR 402 Tres habitaciones junto a la Playa,Spain,400,9
Quality in the town of the city,Spain,400,10
2458 - AB Park Güell Apartment 4-3 - Wonderful 3-Bedroom Apartment near Park Güell with a Balcony,Spain,350,8
"In front of the sea, terrace close Congress center",Spain,330,8
Nuevo espacioso apartamento en BCN,Spain,320,8
Eliseos Luxury Apartment HUTB-001281,Spain,300,9
Barcelona - Urquinaona,Spain,300,9
Happy people Ramblas Harbour 3 bedrooms appartment for 3 people,Spain,300,9
2 BedRooms Apartment with Terrace #1,Spain,300,8
Sagrada Familia area for 12 people,Spain,300,9
"Executive cataluña 6 , 5 bedrooms",Spain,300,9
Vela Luxury Apartment HUTB-001280,Spain,295,9
Grace 1 - Habitat Apartments,Spain,292,9
Superior Apartment Passeig de Gracia with Views,Spain,290,9
Modernist apartment principal,Spain,268,8
Penthouse 3 bedrooms apartment B376,Spain,262,10
Allotja't en un elegant i lluminós pis modernista al costat de Passeig de Gràcia,Spain,255,10
Double Bedroom and amazing rooftop-Sagrada Familia,Spain,250,8
Loft Duplex Barcelona,Spain,250,9
Happy People Plaza España - 4 bedroom (3),Spain,250,9
The Central Place VI,Spain,242,10
White House,Spain,230,9
Grande I Apartment on Valencia St.,Spain,222,9
Appartement de 125m2 lumineux et calme,Spain,220,9
One Bedroom Apartment (4pers) near Sagrada Familia,Spain,219,10
Tapioles Triplex Apartment,Spain,209,8
Family Apartment with Balcony in Gracia - 1821,Spain,200,9
"Luxurious, bright, spacious Plaza Catalunya",Spain,200,9
A Private Room for 4 People,Spain,200,9
Big 4 Bedroom~,Spain,200,9
2 Luxury bedroom apartment,Spain,200,9
Spacious apartment just by Las Ramblas,Spain,200,10
MODERN APART. IN THE CENTER - 3 BEDROOM- BLANCA,Spain,200,9
Renovated Modern Apartment with Cathedral Views,Spain,199,9
Modern One Bedroom Apartment in Eixample Area B142,Spain,197,9
ONE BEDROOM DIAGONAL,Spain,195,8
"Terrace, sea view at Diagonal Mar!",Spain,190,10
Rambutan - Only 8min. walking from Paseo de Gracia,Spain,188,9
Awesome apartment & amazing terrace! HUTB-012684,Spain,180,9
Amazing vintage art Work space in old city center,Spain,180,9
Apartment Eduardo,Spain,180,9
Spectacular Modern Uptown Duplex,Spain,175,10
UD Rambla Suites  Pool 27 (2 BR),Spain,175,9
Top Duplex at Barcelona Beach,Spain,175,9
Grand apartment Sagrada Familia,Spain,169,9
Piso muy grande con 6 habitaciones en el centro,Spain,168,9
"Caliu, Friendly Rentals",Spain,165,9
ON Passeig de Gràcia LUXURY 2BR TERRACE&concierge,Spain,160,9
Casa Cosi - Gotico,Spain,160,8
Bright and comfortable 1 bedroom apartment,Spain,159,9
Two bedroom apartment,Spain,155,10
Pulitzer Extra- Read all about our experiences!,Spain,150,9
"Loft in Arc de Triomf Barcelona with terrace, pool",Spain,150,9
Tanger Jazz Pool and Beach,Spain,150,9
Luminous dúplex apartment in Gracia district,Spain,150,7
Cozy & central apartment in the heart of Barcelona,Spain,150,9
IDEAL APARTMENT SAGRADA FAMILIA,Spain,150,10
Amazing Duplex with Big Terrace *4BD,Spain,150,9
CHARMING APARTMENT in PLAÇA REIAL-HUTB (Phone number hidden by Airbnb),Spain,150,9
CENTRAL APARTMENT 1min to RAMBLAS,Spain,150,9
City centre loft with rooftop pool and terrace,Spain,150,9
Apartment in the heart of Barcelona,Spain,150,10
Exquisite apt. Open space and plently of light,Spain,150,10
Precioso Apartamento en Barcelona *Bcn* C02,Spain,150,9
Modern refurbished flat in Gracia,Spain,150,10
Deluxe 2 Bedroom Apartment in the Eixample District in lovely Barcelona!,Spain,149,8
Stylish apartment A in city center,Spain,145,10
Estudio / Terraza P4 (S. Família) mínimo 32 NOCHES,Spain,143,10
Modernist flat close to the Sagrada Familia,Spain,140,9
Eric Vökel Boutique Apartments - Sagrada Familia Suites - 2 Bedroom 2 Bathrooms Apartment,Spain,140,10
Lovely Penthouse in Barcelona,Spain,140,9
Remodeled penthouse in Gracia *Bcn*,Spain,140,9
Comfortable and Accesible For Groups (H1+H2),Spain,140,8
ENTIRE BUILDING in the City Center/Beach,Spain,135,9
Blackandwhitehome Poble Nou Attic I,Spain,135,9
PISO MODERNO EN EL EIXAMPLE,Spain,132,10
SEALONA CENTER III,Spain,130,10
Large two bedroom apartment,Spain,130,9
The Balcony Apartment,Spain,130,9
Spacious and quiet duplex apartment in Poble Sec,Spain,130,10
D3 - Centro Ciudad / Pº de Gracia,Spain,130,9
Las Ramblas Penthouse Apartment,Spain,130,10
Cute Eixample Apartment.  HUTB-005692,Spain,130,9
LAST CALL MWC - Bedroom w/ private wc and balcony,Spain,130,9
Beautiful apartment by Pl Catalunya,Spain,130,9
Smart Luxury KissMe 2BR balcony,Spain,129,9
Enchanted Gràcia Loft with a Patio,Spain,129,9
BCN Duplex Sagrada Familia,Spain,129,9
"Stylish, spacious, central, shared rooftop terrace",Spain,129,9
Cute apart with terrace Downtown !,Spain,128,9
Principito Apartment w/2 Ensuite Bathrooms,Spain,127,10
One bedroom apartment,Spain,125,10
QUIET AND COMFY 2BD WIFI GRACIA,Spain,125,7
Centric apart perfect familes 1.1,Spain,125,9
Beautiful Comfy Flat Valencia St A,Spain,125,9
Bright lovely apartment in Gracia with balcony,Spain,125,8
Barcelona Just Like Home - Green,Spain,120,9
Atic with great views,Spain,120,10
"Cozy seasonal apartment in  Eixample, city center.",Spain,120,9
Centre of Barcelona Room in penthouse with terrace,Spain,120,10
Modern & Cosy 3BD in Ramblas *Balcony,Spain,120,8
Loft 3,Spain,120,9
ROMANTIC Apartment WIFI in center,Spain,120,9
Big apartment by Barcelona's main train station,Spain,120,10
Nice and cozy apartment in Sagrada Familia.,Spain,120,10
"Minimalist Rooms in BCN, live it.",Spain,115,10
BRAND-NEW 1 BD APT SAGRADA FAMILIA 41,Spain,115,9
ABSOLUTE SAGRADA FAMILIA 2,Spain,115,10
Gorgeous flat 4bed 5min to tube in lovely Eixample,Spain,115,9
EIXAMPLE DELIGHT - Cozy & Bright Apartment,Spain,115,9
Stylish apartment in the heart of Gothic area,Spain,111,7
habitación privada plaza España 2,Spain,110,10
Awesome flat in the center (HUTB-014195),Spain,110,8
Studio located in the best part of the city,Spain,110,9
Excellent Duplex in Sarrià with Private Pool,Spain,110,9
Habitación para tres en Barcelona cerca  transport,Spain,110,9
Terrace and pool apartment near the Barcelona,Spain,110,9
Cozy Split Level Home with Exposed Brick Walls,Spain,110,9
Amazing Loft in BCN Center (B0132),Spain,108,10
Sagrada Familia Butterfly,Spain,108,9
Atico en Paseo de Gracia,Spain,106,8
Apt.cerca SagradaFamilia (4pax) SF2,Spain,105,8
Apartment For Rent Near Camp Nou,Spain,105,8
Gaudí - Sagrada Familia,Spain,105,9
Vila Olímpica Sant Martí - Sardenya,Spain,103,9
Nice apartment for design lovers. Great terrace.,Spain,101,10
Vintage apartment,Spain,100,9
Apartamento familiar a estrenar,Spain,100,9
Beautiful apartment in the center,Spain,100,10
villa maravilla,Spain,100,9
sunny flat,Spain,100,9
Charming room near Glories,Spain,100,9
"Bright 1 bedroom, Sagrada Familia, long term¦",Spain,100,9
Two rooms with great view sagrada familia,Spain,100,9
RAMBLAS 1,Spain,100,7
LetsgoBarcelona Diagonal Ave. Duplex,Spain,100,8
Bonito y cómodo loft en el centro,Spain,100,9
Romantic one bedroom apartment in Eixample,Spain,100,9
Elegant flat in romantic old city,Spain,100,9
"A place near to the RAmbla ,but in a quite street",Spain,100,9
Villa Romantika Doppel Zimmer Afrika,Spain,100,9
Comfort Luxury center apartment,Spain,100,9
2378 - AB Casa Farreras A - Amazing 1-bedroom Apartment with a Private Terrace,Spain,100,9
Studio with Terrace next to Rambla and Monjuic,Spain,100,9
Plaza España Apartment,Spain,100,8
Sunny Attic with Pool and Terrace near the Beach!,Spain,99,9
Elegant apartment Sagrada Familia,Spain,99,9
Beautiful Sagrada Familia apartment,Spain,99,9
"Luxury PRIVATE room on Gracia, 2min from everythng",Spain,99,9
Light Loft | Walk to the Beach | Free Parking,Spain,99,9
"Plaza Catalunya V, Friendly Rentals",Spain,99,9
Sunny apartment in Sagrada Familia,Spain,98,9
Lovely Apartment in the heart of Barcelona.,Spain,98,9
Orange tree View flat with patio,Spain,97,10
Cozy Apartment on Sortidor Square,Spain,96,9
Loft Miro,Spain,96,9
FANTASTIC APARTMENT SAGRADA FAMILIA,Spain,95,9
Apartment- Private livingroom-kitchen-bathroom,Spain,95,9
"ATICO CON LAS MEJORES VISTAS DE BARCELONA UNICO,",Spain,95,10
Beautiful Area Single Room,Spain,95,10
"Newly renovated studio, trendy borne area, terrace",Spain,95,9
Private Room in Renovated Library w/ Swimming Pool,Spain,95,10
New! Bright 2bed easily connected to the center,Spain,94,9
"CALABRIA, central, large, 4 bedrooms",Spain,92,9
Confortable apartment in BCN- WIFI,Spain,91,9
Alcam Colon 52 Apartment,Spain,91,9
Alcam Colón 42 Apartment,Spain,91,8
Sunny Born with Balcony,Spain,90,8
Habitación muy grande con vistas espectaculares.,Spain,90,10
Paseo de Gracia Apartment 4 3,Spain,90,9
1tnf SUPER GREAT LOCATION IN BARCELONA!!!,Spain,90,8
Art Gallery Apartment 2B,Spain,90,9
Modern Beachside Apartment with Balcony,Spain,90,10
Next to Barcelona Fair and Magic Fountain,Spain,90,9
Vibrant Flat with Rooftop Terrace and City Views,Spain,90,10
Sagrada Familia up to 6,Spain,90,9
"1 bedroom apartment + sofa bed, balcony.",Spain,90,9
Frida's Centric&Stylish Studio Apt.,Spain,89,9
BCN Duplex Mirò Monthly,Spain,89,9
Trendy apartment in BCN centre,Spain,89,9
"Yurbban Suite Terrace, Breakfast Included",Spain,89,9
"Beautiful Double interior room, Breakfast Included",Spain,89,10
Recién Re1 Apart delS.18 Núcleo Bcn,Spain,89,10
"Bright, Central Apartment with Traditional and Modern Design",Spain,88,10
Penthouse. Terrace.,Spain,87,9
Stylish Flat in BCN city center,Spain,85,9
New apartment near Sagrada Familia,Spain,85,10
MONTJUIC FOUNTAINS APARTMENT,Spain,85,9
"Glorias:Sagrada Familia 15minutes, Beach 20minutes",Spain,85,9
Batllo Apartment Barcelona,Spain,85,10
Park Guell apartment with terrace,Spain,85,8
LOVELY AND CENTRAL ROOM,Spain,85,9
Tucson Suites,Spain,85,9
Plaza Real Room,Spain,85,10
"Sunny and spacious loft, close to beach",Spain,85,10
Cozy 3bed/2bath w/balcony close to Sagrada Familia,Spain,85,7
New Holiday Master Suite with Balcony in Eixample,Spain,84,10
"Amazing NEW Food Lover Balcony, close to FIRA, MWC",Spain,84,9
BARCELONA FIRA FAMILY,Spain,83,9
Barcelona Super Central Apartment,Spain,82,10
pid MODERN 1 BED FLAT NEXT OLD TOWN,Spain,81,9
Romantic and quiet apartment with Air Conditioning,Spain,80,9
LOCATION! PVT Double BR w/Balcony across the BEACH,Spain,80,10
Well connected central modernist apartment,Spain,80,10
Perfect Location! Suite Room 1 min from La Rambla,Spain,80,8
Comfortable room in Pedralbes,Spain,80,9
SUNNY APARTMENT FIRA BARCELONA CAMP NOU,Spain,80,9
Plaza two bedroom apartment,Spain,80,9
On The Ramblas 4 Studio Apartment,Spain,80,8
RAMBLAS AREA NEAR THE BEACH!! L,Spain,80,9
Contemporary Loft near Plaza Cat.Sleeps 4- Coli 54,Spain,80,9
Piso 3 habitaciones con encanto en Fuente Mágica,Spain,80,9
Beautiful apartment in the city centre of BCN!!!,Spain,80,10
On The Ramblas 5 Studio Apartment,Spain,80,8
Family Duplex 2Adults+2Children Steps From Subway Station in BCN Center,Spain,80,9
WONDERFUL APARTMENT NEAR PASEO DE GRACIA,Spain,80,9
Poblenou Comfort por meses,Spain,80,9
GAUDI:50 m from the Sagrada Familia,Spain,80,9
2379 - AB Vila Olimpica - Icaria Apartment - Bright and modern apartment with amazing pool in Vila Olímpica,Spain,80,9
Habitación espaciosa y elegante con AC y baño,Spain,80,10
Room A4,Spain,79,9
Piso de lujo en Sagrada Familia,Spain,79,9
antiguo loft-barna,Spain,78,9
STUDIO AT THE PRICE OF A ROOM,Spain,78,8
Boqueria - Cosy studio in Born,Spain,76,10
"sf21 YES, VERY CLOSE TO LA SAGRADA FAMILIA AND ...",Spain,76,9
New and central apartment up to 4!,Spain,75,9
Beautiful room for three!!,Spain,75,9
Lovely 2bed/3bath in the heart of Eixample,Spain,75,9
Design apartment with amazing views,Spain,75,9
Lovely and Modern 3-Bed Apartment in Lesseps,Spain,75,9
"Room @Eixample, 8 minutes walk from Passeig Gràcia",Spain,75,9
Sunny penthouse with Parking,Spain,75,9
CAMP NOU MUNNE 2-2 APARTMENT,Spain,75,9
One-Bedroom Apartment with Balcony,Spain,75,8
Luxury Apartment Diagonal (very sunny),Spain,75,10
Barcelona Apartment Sarrià Pedralbes,Spain,75,9
MODERNIST AND LUXURIOUS FLAT IN IDYLLIC LOCATION,Spain,74,9
Luxury 2 bedroom apartment infront of the beach,Spain,72,9
Precioso Estudio en Barcelona *Bcn* C01,Spain,72,10
Eixample Dret València Cartagena,Spain,71,8
Acogedor loft en Barcelona,Spain,70,9
pb2 IDEAL LOCATION! WITH TERRACE CHARMING & QUIET!,Spain,70,9
Cosy Loft in the Heart of Borne,Spain,70,8
Hermoso Apartamento SPBP22388,Spain,70,9
Plaza Espanya,Spain,70,7
Cosy Double Room in a bright flat!,Spain,70,9
2541 - AB GRACIA SPACIOUS - Apartment for 4 with private terrace in Gràcia,Spain,70,9
SUNNY RAMBLAS 2,Spain,70,10
Habitacion N#5  con baño privado,Spain,69,9
"Modern & Quiet 2 bedroom house, patio&views!",Spain,69,9
Lovely en-suite bedroom in city center,Spain,69,9
Sagrada Familia-auditorium. FREE WI-FI.,Spain,69,9
Newly renovated apartment in Barcelona Eixample,Spain,69,9
Spacious double room with balcony,Spain,69,10
(inRAMBLAS) 1double room! Historic center,Spain,68,9
Open Wall.Gran Vía 2.Renov 2015,Spain,68,9
bonita y comoda habitacion en el piso céntrico,Spain,67,9
GOTHIC RAMBLAS 2 APARTMENT,Spain,67,8
Beautiful and bright flat in Born Barcelona,Spain,67,10
Mestral Mar Doble hab. 5-6,Spain,66,8
Habitacion Hermosa. Beautiful room in Barceloneta,Spain,65,10
1 or 2 rooms with private terrace in shared flat,Spain,65,10
Double room in Diagonal Mar.  Close to the beach.,Spain,65,9
Stunning vintage room with AC (old town),Spain,65,10
Double room only for pet lovers!,Spain,65,10
ELEGANT APARTMENT CLOSE TO RAMBLAS,Spain,65,9
THE MOST CENTRAL LOCATION OF THE City! PL1,Spain,65,7
"2641 - AB Premium Old Town E-2 - Modern, 2-bedroom Old Town apartment close to Las Ramblas and Plaça de Catalunya",Spain,63,9
5*Super host Apartment+terrace  8 min from Ramblas,Spain,63,10
"Dover 42, Friendly Rentals",Spain,62,8
AMAZING VIEWS PENTHOUSE PARK GUELL,Spain,61,8
Nice apartment in Plaça Reial for long stay,Spain,60,9
Lovely room in design apartment in Plaza España,Spain,60,10
Sagrada Familia Gaudi,Spain,60,9
SUNNY DELIGHT ❤ double bedroom + balcony,Spain,60,10
2633 - AB Barceloneta - Artistic Style Apartment - Beachside apartment for 2 with balcony and WiFi,Spain,60,9
Sagrada Familia - Comfortable and cosy double room,Spain,60,10
Enrique's private room,Spain,60,10
Lovely room with the best location ever!,Spain,60,9
Beautiful Apartment Sagrada Familia SPB332388,Spain,60,9
Habitación Gayfriendly l'Eixample,Spain,60,9
"Private, double room in Barcelona",Spain,60,9
"piso bonito, muy centrico",Spain,60,10
Nice stay in Gracia,Spain,60,10
Private Room & King Size Bed (Eixample),Spain,60,9
Spanish family host U/private WC,Spain,60,10
Apartment next to Las Ramblas and Paral·lel,Spain,60,8
Estudio en el casco antiguo. Alquiler mensual,Spain,60,9
SUPER Central location!!! P3,Spain,60,9
Amplio y luminoso.,Spain,60,10
NEW! Piso Premium en Ps de Gracia!,Spain,60,10
6th floor very sunny flat,Spain,60,9
2BLE ROOM W. PRIVATE BATHROOM BCN,Spain,60,9
"Dali IV, Friendly Rentals",Spain,60,8
GRACE BEAUTIFUL LOFT IN BARCELONA-At least 32 days,Spain,60,7
Rustic Gaudí - Sagrada Família,Spain,59,9
ruhige Wohnung mit WLAN in Barcelona,Spain,59,9
CITY CENTER FLAT WITH VIEW TERRACE,Spain,59,9
My house is your house - goodvibes only (balcony),Spain,59,9
Amazing place in Barcelona centre,Spain,59,9
"Elegant studio in old town Barcelona, El Gothic",Spain,58,10
great Terrace&lift city center,Spain,58,8
GENIAL APARTAMENTO EN SANTS (BHM2-3564),Spain,57,9
Private terrace and bathroom & WiFi,Spain,57,10
2 habitaciones en piso bonito y bien situado,Spain,56,9
AMAZING PENTHOUSE IN BARCELONA,Spain,56,9
DUPLEX DELUX APARTMENT SAGRADA FAMILIA,Spain,55,9
Double Bedroom in shared Apt by Boqueria & Ramblas,Spain,55,9
Big double room with private bathroom,Spain,55,9
Beautiful Flat with Private Terrace in Barceloneta,Spain,55,10
1889 - AB Montserrat Comfort Apartment 4 -1 - Comfortable 2-Bedroom Apartment with a Balcony in a Quiet Neighbourhood,Spain,55,10
Room “Elegance” in Barcelona centrum.,Spain,55,9
Hospital Sant Pau Apartamento 2 habitaciones,Spain,55,9
Beautiful room in Modernist House,Spain,55,9
Apartamento en casco antiguo,Spain,55,9
Room with private bathroom.,Spain,55,9
BCN center / balcony - ensuite bathroom,Spain,55,10
Blue Room With Balcony Barcelona Rambla,Spain,55,9
PRIVATE ROOFTOP WITH VIEWS,Spain,55,9
Pablo house,Spain,54,9
Lovely & cozy double room in the heart of BCN,Spain,53,9
Eixample Apartamento En Barcelona 4 2,Spain,53,9
Large flat in Sagrada Familia private garden.6 pax,Spain,53,9
Chic & Fashion. EIXAMPLE.,Spain,53,9
Habitación doble en pleno barrio gótico,Spain,53,9
Large and bright room near the beach - Poblenou,Spain,52,10
HOMEnFUN Sants close to the Train station,Spain,52,7
Habitación centro example,Spain,51,9
Romantic room with amazing terrace in the center,Spain,51,10
2#Double Suite with bathroom A/C,Spain,50,10
Apartment Eixample Sants Station,Spain,50,10
Double room in Barcelona Center with balcony!!!!,Spain,50,10
SWEET HOME NEXT TO SAGRADA FAMILIA,Spain,50,9
Comfortable room 5 minutes from the beach,Spain,50,9
Old District - Charming Apartment,Spain,50,9
Perfect double room with private bathroom ! !,Spain,50,8
Experience Local Living in Well-Connected Beach Retreat,Spain,50,9
Sagrada Familia up to 6!!,Spain,50,9
Cozy room very well located - Arc del Trioumf,Spain,50,10
Nice room in Barcelona Center,Spain,50,9
Dos habitaciones c/balcón centro BCN 3-5 people.,Spain,50,9
Relax in the Raval - Room with Balcony,Spain,50,9
Amazing places. Love holidays. Barcelona.,Spain,50,9
Barcelona centro - Barrio Gótico,Spain,50,8
Charming apartment in Gracia,Spain,50,9
"Room w' priv bathroom, breakfast in best location!",Spain,50,10
Cozy Room near the Beach and 10 min away city cent,Spain,50,9
Excellent room for 2 in Barcelona,Spain,50,9
"GRACIA SUITE, cozy 1 bedroom apt, great location",Spain,49,8
Habitación indiv con cama extra,Spain,49,10
Cozy double room in a sunny flat,Spain,49,10
Big comfortable room in BCN city center,Spain,49,9
la sagrada familia Terrace,Spain,49,9
Sunny and charming centric flat!!,Spain,48,9
Habitación doble en el centro de la ciudad,Spain,47,9
Fiona,Spain,47,9
2-bedroom apartment in the Old Town,Spain,46,9
Apartment Salva - 3 bedroom in Poble Sec,Spain,46,10
Bright & Charming loft in the Gothic Quarter,Spain,46,9
Perfectly located 2-bedroom place near Ramblas,Spain,46,9
Comfortable Apartment Sant Antoni area for months,Spain,45,10
Quiet Private Room in Barcelona Gothic Quarter,Spain,45,9
Cheap Small Economic Room Shared Barthroom Center,Spain,45,9
"Piso en el centro,  habitación individual,",Spain,45,10
Big sunny room! Perfect location!,Spain,45,8
Lovely room in Born,Spain,45,10
Beste Lage im Herzen Barcelonas Playa Espanya*****,Spain,45,9
Double room for women in Gothic,Spain,45,8
Habitacion al lado de Sagrada Familia,Spain,45,9
Bright Atico in Born with the perfect roof terrace,Spain,45,7
2 Habitaciones cómodas,Spain,45,10
DOUBLE ROOM attached to the CATALUÑA Square,Spain,45,9
Quite flat in the heart of Gràcia,Spain,45,8
Ático Del Guinardo,Spain,45,8
Cozy Apartment Las Ramblas,Spain,45,10
Nice apartment near Camp Nou - A/C and Wifi,Spain,45,9
Comfortable room in a house in the heart of Gràcia,Spain,45,9
Room with a double bed close to Arc de Triomf,Spain,45,10
Charming stylish loft  - Sagrada familia,Spain,45,9
LITERA 2 PERSONAS,Spain,45,8
"1Family Vacation Suite RAMBL Street, Port of Colom",Spain,45,9
YOUR SUNNY DOUBLE BEDROOM IN THE CENTER,Spain,45,9
Studio 12 square meters(penthouse),Spain,45,9
"Nice room, Lovely apartment next to the beach",Spain,44,9
What a place in Barcelona in the center,Spain,43,9
Air conditioned room,Spain,42,9
Room for 2 people with  bathroom  Sagrada Familia,Spain,42,9
Apartaments special Benvenido !!,Spain,42,9
2-2 Design apartment close to sagrada familia,Spain,42,9
Gignas Studio Apartment,Spain,41,9
3-Bedroom Apartment With Big Terrace,Spain,41,9
Rambla I - Plaça Catalunya,Spain,41,7
Flower Power Room,Spain,40,9
IDEAL! HABITACIÓN DOBLE CON BALCÓN,Spain,40,10
BCN11# Double room with bathroom A/C,Spain,40,10
Smart Studio next to El Born,Spain,40,9
Habitación acogedora en zona muy tranquila,Spain,40,9
Sunny and quiet room with private shower room,Spain,40,9
Ideal apartment for families. With gorgeous views,Spain,40,9
Double room + Private Bathroom / Sagrada Familia,Spain,40,9
Triple Room with shared bathroom,Spain,40,10
Double Bed in the very middle of Barcelona,Spain,40,9
Confortable  Room/center bcn w/prívate bathroom,Spain,40,10
"Double/single room, bathroom & garage in Poblenou",Spain,40,10
Habitación privada en Gràcia / metro Fontana L3,Spain,40,9
Large Room Boqueria,Spain,40,9
Central 3 Beds + Breakfast & Balcony (3A),Spain,40,9
Double 02 CasanovaRooms Barcelona,Spain,40,9
"Double Suite, with private bathroom.",Spain,40,9
Room in the very ♥ of BCN - Unbeatable location,Spain,40,8
Double room in Gracia - Diagonal,Spain,40,9
Two person room in vibrant Old Town,Spain,40,10
WONDERFUL SPACIOUS DOBLE ROOM IN BARCELONA CENTER,Spain,40,9
Room with balcony,Spain,40,9
Habitación centro de Barcelona,Spain,40,9
Acogedor apartamento con vistas a toda Barcelona,Spain,40,9
Triple room Barcelona Guell park,Spain,40,8
× BARCELONA RAMBLAS PLAZA REAL ×,Spain,39,9
Bedroom /City Center /Close touristc places,Spain,39,8
¤¤Barrio Gótico de Barcelona,Spain,39,8
Charming room  Diagonal wifi 100 Mb,Spain,39,10
Lovely twin room in central flat,Spain,39,10
×× BARCELONA RAMBLAS PLAZA REAL ××,Spain,39,9
A natural and calm corner in Barcelona,Spain,38,10
HABITACION SINGLE en el  BARRIO DE SANTS-MONTJUIC,Spain,38,10
Sunny double room with balcony,Spain,38,10
Double room with private bathroom,Spain,38,9
"SM8 - Serenity Beach - 2 Bedroom, Dressing Room",Spain,38,10
Double room(close to airport and center),Spain,38,9
Room&Yard... Pl. España,Spain,38,9
SM71 - 1 minute from beach - 2-bedroom - balcony,Spain,38,10
city center apartament in luxury neigborhood,Spain,37,9
Private room with double bed next to Plaza Espana,Spain,37,9
Precioso apartamento en primera linea del mar!,Spain,37,9
habitacion 2 en el barrio del borne de  barcelona,Spain,36,8
habitacion 1 en el barrio del borne barcelona,Spain,36,8
Lovely and quiet doble room in the center of BCN,Spain,35,8
Charmy 3 bedrooms apartment in Sarrià-Sant Gervasi,Spain,35,9
PRIVATE ROOM NEAR CITY CENTER,Spain,35,9
"Cosy and bright double room. El Born, Barcelona.",Spain,35,9
Habitación Individual,Spain,35,9
el Besos y el Maresme,Spain,35,9
PRETTY ROOM IN BARCELONA-A/C-NEAR PLAZA ESPAÑA,Spain,35,9
Private cabin,Spain,35,8
★Exterior y céntrica★St Antoni A 2 min del Aerobus,Spain,35,9
HABITACIÓN DOBLE EN EL CENTRO MUY BIEN COMUNICADA,Spain,35,9
"Big bed, big room, near to plaza españa",Spain,35,9
Not a big room in Barcelona,Spain,35,9
2 confortables habitaciones en el centro de BCN!,Spain,35,9
Nice room centr 6,Spain,35,9
Prívate room with double bed,Spain,35,8
Habitación acogedora y soleada!!,Spain,35,9
Happy journey,Spain,35,8
Nice Bright Room by the Beach!,Spain,35,9
Habitación Luminosa y tranquila ambiente familiar.,Spain,35,9
In the center of Barcelona!!!,Spain,35,9
Double room with shared batroom with sea view,Spain,35,10
The Best point to Enjoy Barcelona,Spain,35,9
Room in Barcelona Near Sagrada Familia,Spain,35,8
COZY APARTMENT II,Spain,34,9
Very quite and bright room in Raval near Ramblas,Spain,34,10
Cozy room in the center of Barcelona!!!,Spain,33,10
"Lovely room close to beach,15 min center",Spain,32,9
Cozzy Room close to the center in quiet flat  !!!,Spain,32,9
piso céntrico de Barcelona,Spain,32,9
Hortes: Acogedor studio/apartamento en Poble Sec,Spain,32,9
"Double room, facing the sea. CCIB",Spain,32,10
MP Room for 2 persons bunk bed in shared apartment,Spain,32,9
Doble room in the heart of BCN - Born,Spain,31,9
Great location in Barcelona,Spain,31,8
habitación doble tranquila con luz,Spain,31,9
Exterior room with double bed and terrace!!,Spain,31,9
Apartment located near Guell park,Spain,31,9
El hogar de Gabi.,Spain,30,10
"Privacidad, silencio, buena comunicación...",Spain,30,10
Private bedroom in BORN,Spain,30,9
Double room in the middle of Gracia,Spain,30,9
DOUBLE ROOM + PERFECT LOCATION,Spain,30,9
Habitación con terraza y mucha luz en el centro.,Spain,30,9
GUESTROOM in BARCELONA/SANTS,Spain,30,10
Near the center and the airport . Double room,Spain,30,9
"Private room in Gracia, Barcelona",Spain,30,8
Habitación en Villa Olímpica,Spain,30,9
Espaciosa habitación / spacious room,Spain,30,9
Excelente apartamento con perfecta ubicación..,Spain,30,9
Welcome to tranquility!,Spain,30,10
Habitación doble en el centro,Spain,30,10
Cozy Room (Girls only) Quiet area/Sagrada Familia,Spain,30,10
Alquilamos habitacion,Spain,30,9
SUPER CENTRAL + BALCONY IN RAMBLAS !!!,Spain,30,9
Amazing single room in Sagrada Familia area!!,Spain,30,10
Habitación privada en el corazón de Gracia,Spain,30,10
El castillo del raval,Spain,30,9
Habitación cómoda con llave 5,Spain,30,10
Acogedor alojamiento en SAGRADA FAMILIA,Spain,29,10
{{ SAGRADA FAMILIA }} Center ROOM *****,Spain,29,10
Perfect Location! QUIET ROOM just off LA RAMBLA,Spain,29,9
Habitacion Cama Doble  en Vila Olimpica .,Spain,29,9
Cosy Single Room in the Centre,Spain,29,9
Double room & private toilet near Sagrada Familia,Spain,29,10
Habitación  Barrio Barceloneta,Spain,28,9
Sunny Private Room with balcony in LA RAMBLA- WIFI,Spain,28,9
Lovely and modern apartment.,Spain,27,9
Best location double room,Spain,27,9
Single Room with Balcony in Center,Spain,27,10
Artistic house in the center of BCN,Spain,27,9
Cómoda habitación individual + baño privado,Spain,27,9
Individual room in city center,Spain,27,9
DOUBLE ROOM (1 or 2 people),Spain,27,9
Sweet home!!!,Spain,26,9
Wonderful double-room centrally located,Spain,26,10
Habitación individual Eixample,Spain,26,10
nice interior room at artistic place,Spain,26,9
Room in shared apartment,Spain,25,9
MONTHLY COZY SUNNY - SAGRADA FAM.,Spain,25,9
"Cozy room in Trinitat Vella, 15 min center BCN",Spain,25,10
Rooms in Barcelona (3 people=2 rooms),Spain,25,9
Luminous Vintage Room near Plaza España,Spain,25,9
SUPREME BALCONY DOUBLE ROOM,Spain,25,9
"habitacion independiente, muy centrica",Spain,25,9
Double room in Poble sec,Spain,25,9
Calm room Barcelona,Spain,25,8
"Double room, livingroom and terrace",Spain,25,10
Habitación  acogedora vacacional,Spain,25,10
Twin Room with Shared Bathroom,Spain,25,9
Yun's Apartment (center of Barcelona),Spain,25,9
Piso muy céntrico en Gràcia,Spain,25,9
Beautiful interior designed flat in Montjüic,Spain,25,7
Stylish design 1 bed in the heart of Gracia,Spain,25,9
Super Central Double Room & Free Breakfast (A),Spain,25,9
DOUBLE ROOM IN THE HEART OF BCN,Spain,25,9
Habitación centro Barcelona,Spain,25,9
Quiet and bright room with balcony,Spain,24,7
habitacion en Barcelona,Spain,24,9
1 SingleRoom in Beautiful Flat Center,Spain,24,10
Cosy room in the Born district,Spain,24,10
Habitacion cerca a la playa room by the beach,Spain,23,9
Comfortable and sunny double room,Spain,23,10
Share a flat in a lovely penthouse with terrace,Spain,23,10
ROOM SWEET ROOM. only 25 min from the center.,Spain,23,10
Hab individual con terrazas y vistas a Barcelona,Spain,22,10
Room in penthouse with 2 terraces,Spain,22,9
"Cosy place in the Heart of Barcelona DOWNTOWN,WIFI",Spain,22,9
Sweet room near to parc güell,Spain,22,9
Private room in L'eixample,Spain,22,9
Barcelona late desde el Raval.,Spain,22,9
SINGLE ROOM NEAR THE AIRPORT,Spain,22,8
Habitación amplia cerca de gracia  con armario,Spain,20,10
Habitación en Gràcia-Barcelona muy bien comunicada,Spain,20,9
BED&BREAKFAST in the Attic / Room04,Spain,20,9
Céntrica Habitación,Spain,20,9
Secret room2,Spain,20,8
Bonita y acogedora habitación,Spain,20,10
Private Rooms in Very Peaceful Environment,Spain,20,9
Cozy bedroom Sagrada Familia,Spain,20,10
Cosy single room en el Raval,Spain,20,10
Nice room for city visitors,Spain,19,10
Nashs house 2,Spain,19,9
H MERIDIANA 1,Spain,19,9
Arc del Triomf - Big double room in authentic flat,Spain,19,9
"Room,  Bikes and views!  SGL-DBL",Spain,18,10
Bonita habitacion centrica-Sagrada Familia,Spain,18,9
PRIVATE ROOM WITH WIFI,Spain,18,9
Quiet & Cozy,Spain,18,10
COMFORTABLE AND IN THE CENTER.,Spain,18,10
Habitación doble al lado de La Pedrera,Spain,18,10
Habitación cerca a Sagrada Familia,Spain,18,8
Library Room 1 Rambla Catalunya,Spain,17,9
Beautiful room at Tibidabbo,Spain,17,10
Single room Barcelona center,Spain,17,9
Cozy double room in Barcelona close to beach,Spain,17,9
Home Sharing - Individual Room in Plaza España,Spain,16,9
Cozy room near Montjuic and city center,Spain,16,9
ALQUILER  HABITACIONES mir,Spain,16,8
Hab. individual en Barcelona / Single room in Bcn,Spain,15,9
Bright room in sagrada familia,Spain,15,9
La Sagrada Familia (and metro) 4 blocks!,Spain,15,9
Cosy interior room for 2! I CA,Spain,15,9
Brand new Poble Sec design flat next to Montjuïc,Spain,15,9
"ESPECTACULAR Vista Con Terraza MONTAŃA, Luminoso",Spain,15,9
DOUBLE ROOM for 1 or 2 ppl,Spain,15,9
Spacious bright single bedroom,Spain,15,10
"Nice room in artistic apartment, very central",Spain,15,9
Habitacion individual para 1 person,Spain,15,9
(C)Private double Bedroom next to metro. Free WiFi,Spain,15,8
Stylish 1 bed flat with balcony in Montjüic,Spain,15,9
Habitación para dormir con cama de matrimonio,Spain,15,8
Cozy room in Sagrada Familia,Spain,15,10
Heart of the City-Cozy Room Private Sunny Balcony!,Spain,14,9
Habitación individual.,Spain,14,9
Habitación privada,Spain,12,10
"Cómoda Habitación L'Eixample, Gracia",Spain,10,8
Private room with sunny terrace of 200m2. 6,Spain,10,9
"Near the RAMBLA, the double room at  SEASIDE PORT1",Spain,10,9
